<?xml version="1.0" encoding="UTF-8"?>
<manifest identifier="man00001" xmlns="http://www.imsglobal.org/xsd/imscp_v1p1"
 xmlns:csm="http://www.imsglobal.org/xsd/imsccv1p2/imscsmd_v1p0" xmlns:imsmd="http://ltsc.ieee.org/xsd/LOM"
 xmlns:imsqti="http://www.imsglobal.org/xsd/imsqti_metadata_v2p1" xmlns:xsi="http://www.w3.org/2001/XMLSchema-instance"
   xsi:schemaLocation="http://www.imsglobal.org/xsd/imscp_v1p1 http://www.imsglobal.org/xsd/imscp_v1p2.xsd http://ltsc.ieee.org/xsd/LOM imsmd_loose_v1p3.xsd http://www.imsglobal.org/xsd/imsqti_metadata_v2p1 http://www.imsglobal.org/xsd/qti/qtiv2p1/imsqti_metadata_v2p1.xsd http://www.imsglobal.org/xsd/imsccv1p2/imscsmd_v1p0 http://www.imsglobal.org/profile/cc/ccv1p2/ccv1p2_imscsmd_v1p0.xsd"><metadata><schema>QTIv2.1</schema><schemaversion>2.0</schemaversion></metadata><organizations/><resources><resource
   href="202120.FMU-103685.06_ImportedContent_20211004101322/D4.png" identifier="ccres00001" type="webcontent"><file
   href="202120.FMU-103685.06_ImportedContent_20211004101322/D4.png"/></resource><resource
   href="202120.FMU-103685.06_ImportedContent_20211004101322/D2.png" identifier="ccres00002" type="webcontent"><file
   href="202120.FMU-103685.06_ImportedContent_20211004101322/D2.png"/></resource><resource
   href="qti21/question_bank00001.xml" identifier="question_bank00001" type="imsqti_test_xmlv2p1"><file
   href="qti21/question_bank00001.xml"/></resource><resource href="qti21/web_content00001.log"
   identifier="web_content00001" type="webcontent"><file href="qti21/web_content00001.log"/></resource></resources></manifest>
